{
"lengthUnit": "mil",
"components": {
	"fields": ["COMPONENT_NO", "COMPONENT_NAME", "LAYER", "X_COORDINATE", "Y_COORDINATE", "ANGLE"],
	"rows": [
		[1, "C1", "T", 644.47, -865, 90],
		[2, "C2", "T", 746.82, -865, 90],
		[3, "C3", "B", 787.4, -933.07, 180],
		[4, "C4", "B", 787.4, -641.73, 180],
		[5, "C5", "B", 1105, -1275, 90],
		[6, "C6", "B", 1102.36, -1085, 90],
		[7, "C7", "B", 630, -1275, 270],
		[8, "C8", "T", 486.58, -1033.37, 180],
		[9, "C9", "T", 486.58, -922.26, 180],
		[10, "C10", "T", 486.58, -687.21, 0],
		[11, "C11", "T", 486.58, -576.1, 0],
		[12, "C12", "T", 486.58, -465, 0],
		[13, "C14", "T", 255, -577.03, 180],
		[14, "C15", "T", 255, -465.57, 0],
		[15, "C16", "T", 746.82, -310, 270],
		[16, "C17", "T", 645, -310, 90],
		[17, "C18", "T", 490, -160, 0],
		[18, "CN1", "T", 1135, -1410, 180],
		[19, "D3", "T", 255, -695, 0],
		[20, "F1", "B", 655, -1120, 0],
		[21, "L1", "T", 485, -804.74, 180],
		[22, "LED1", "T", 70, -939.99, 90],
		[23, "LED2", "T", 70, -710, 270],
		[24, "LED3", "T", 1065, -1235, 180],
		[25, "LED5", "T", 1305, -1235, 0],
		[26, "R1", "T", 645, -677.34, 90],
		[27, "R2", "T", 746.28, -677.34, 90],
		[28, "R3", "T", 1237.5, -1090, 270],
		[29, "R6", "B", 235, -1120, 180],
		[30, "R7", "B", 435.01, -1120, 0],
		[31, "R8", "T", 1022.5, -1090, 270],
		[32, "R9", "T", 1130, -1090, 270],
		[33, "R10", "T", 645, -497.66, 90],
		[34, "R11", "T", 746.28, -497.66, 90],
		[35, "R12", "T", 70, -1170, 270],
		[36, "R13", "T", 486.58, -1145, 0],
		[37, "R14", "T", 255, -812.44, 0],
		[38, "R15", "T", 365, -315, 180],
		[39, "R16", "T", 645.53, -122.6, 90],
		[40, "R17", "T", 490, -50.9, 0],
		[41, "R19", "T", 915, -1090, 90],
		[42, "R20", "T", 1345, -1090, 90],
		[43, "SW2", "T", 730, -1210, 90],
		[44, "SW4", "T", 85, -315, 270],
		[45, "U1", "T", 1190, -635, 0],
		[46, "U2", "B", 787.4, -787.4, 270],
		[47, "U4", "B", 869.49, -1275, 90],
		[48, "U7", "T", 255.49, -1041.37, 0],
		[49, "USB1", "B", 340, -1430, 180],
		[50, "PAD1", "T", 260, -100, 0],
		[51, "PAD1", "B", 260, -100, 0],
		[52, "PAD2", "T", 338.74, -100, 0],
		[53, "PAD2", "B", 338.74, -100, 0]
	]
},
"pins": {
	"fields": ["PIN_NO", "PIN_NAME", "PIN_X", "PIN_Y", "LAYER", "PIN_TYPE", "NET_NAME", "NET_TYPE", "PAD_SHAPE", "PAD_SIZEX", "PAD_SIZEY", "HOLE_SIZE", "PAD_ANGLE"],
	"rows": [
		[1, "C1_1", 644.47, -904.37, "T", "SMD", "GND", "GND", "R", 55.51, 53.15, 0, 90],
		[2, "C1_2", 644.47, -825.63, "T", "SMD", "3.3V", "", "R", 55.51, 53.15, 0, 90],
		[3, "C2_1", 746.82, -904.37, "T", "SMD", "GND", "GND", "R", 55.51, 53.15, 0, 90],
		[4, "C2_2", 746.82, -825.63, "T", "SMD", "3.3V", "", "R", 55.51, 53.15, 0, 90],
		[5, "C3_1", 826.77, -933.07, "B", "SMD", "GND", "GND", "R", 55.51, 53.15, 0, 180],
		[6, "C3_2", 748.03, -933.07, "B", "SMD", "3.3V", "", "R", 55.51, 53.15, 0, 180],
		[7, "C4_1", 826.77, -641.73, "B", "SMD", "GND", "GND", "R", 55.51, 53.15, 0, 180],
		[8, "C4_2", 748.03, -641.73, "B", "SMD", "3.3V", "", "R", 55.51, 53.15, 0, 180],
		[9, "C5_1", 1105, -1314.37, "B", "SMD", "GND", "GND", "R", 55.51, 53.15, 0, 90],
		[10, "C5_2", 1105, -1235.63, "B", "SMD", "USB_5V", "", "R", 55.51, 53.15, 0, 90],
		[11, "C6_1", 1102.36, -1124.37, "B", "SMD", "$1N5434", "", "R", 55.51, 53.15, 0, 90],
		[12, "C6_2", 1102.36, -1045.63, "B", "SMD", "GND", "GND", "R", 55.51, 53.15, 0, 90],
		[13, "C7_1", 630, -1235.63, "B", "SMD", "RST", "", "R", 55.51, 53.15, 0, 270],
		[14, "C7_2", 630, -1314.37, "B", "SMD", "$1N5901", "", "R", 55.51, 53.15, 0, 270],
		[15, "C8_1", 525.95, -1033.37, "T", "SMD", "GND", "GND", "R", 55.51, 53.15, 0, 180],
		[16, "C8_2", 447.21, -1033.37, "T", "SMD", "$1N6910", "", "R", 55.51, 53.15, 0, 180],
		[17, "C9_1", 525.95, -922.26, "T", "SMD", "GND", "GND", "R", 55.51, 53.15, 0, 180],
		[18, "C9_2", 447.21, -922.26, "T", "SMD", "$1N6910", "", "R", 55.51, 53.15, 0, 180],
		[19, "C10_1", 447.21, -687.21, "T", "SMD", "GND", "GND", "R", 55.51, 53.15, 0, 0],
		[20, "C10_2", 525.95, -687.21, "T", "SMD", "BAT", "", "R", 55.51, 53.15, 0, 0],
		[21, "C11_1", 447.21, -576.1, "T", "SMD", "GND", "GND", "R", 55.51, 53.15, 0, 0],
		[22, "C11_2", 525.95, -576.1, "T", "SMD", "BAT", "", "R", 55.51, 53.15, 0, 0],
		[23, "C12_1", 447.21, -465, "T", "SMD", "GND", "GND", "R", 55.51, 53.15, 0, 0],
		[24, "C12_2", 525.95, -465, "T", "SMD", "BAT", "", "R", 55.51, 53.15, 0, 0],
		[25, "C14_1", 294.37, -577.03, "T", "SMD", "GND", "GND", "R", 55.51, 53.15, 0, 180],
		[26, "C14_2", 215.63, -577.03, "T", "SMD", "VOUT", "", "R", 55.51, 53.15, 0, 180],
		[27, "C15_1", 207.76, -465.57, "T", "SMD", "VOUT", "", "R", 59.05, 53.5, 0, 0],
		[28, "C15_2", 302.24, -465.57, "T", "SMD", "GND", "GND", "R", 59.05, 53.5, 0, 0],
		[29, "C16_1", 746.82, -270.63, "T", "SMD", "5V", "", "R", 55.51, 53.15, 0, 270],
		[30, "C16_2", 746.82, -349.37, "T", "SMD", "GND", "GND", "R", 55.51, 53.15, 0, 270],
		[31, "C17_1", 645, -349.37, "T", "SMD", "3.3V", "", "R", 55.51, 53.15, 0, 90],
		[32, "C17_2", 645, -270.63, "T", "SMD", "GND", "GND", "R", 55.51, 53.15, 0, 90],
		[33, "C18_1", 450.63, -160, "T", "SMD", "GND", "GND", "R", 55.51, 53.15, 0, 0],
		[34, "C18_2", 529.37, -160, "T", "SMD", "ADC", "", "R", 55.51, 53.15, 0, 0],
		[35, "CN1_1", 977.52, -1410, "T", "DIP", "3.3V", "", "C", 59.05, 59.05, 39.37, 0],
		[36, "CN1_1", 977.52, -1410, "B", "DIP", "3.3V", "", "C", 59.05, 59.05, 39.37, 0],
		[37, "CN1_2", 1056.26, -1410, "T", "DIP", "SCL", "", "C", 59.05, 59.05, 39.37, 0],
		[38, "CN1_2", 1056.26, -1410, "B", "DIP", "SCL", "", "C", 59.05, 59.05, 39.37, 0],
		[39, "CN1_3", 1135, -1410, "T", "DIP", "SDA", "", "C", 59.05, 59.05, 39.37, 0],
		[40, "CN1_3", 1135, -1410, "B", "DIP", "SDA", "", "C", 59.05, 59.05, 39.37, 0],
		[41, "CN1_4", 1213.74, -1410, "T", "DIP", "INT2", "", "C", 59.05, 59.05, 39.37, 0],
		[42, "CN1_4", 1213.74, -1410, "B", "DIP", "INT2", "", "C", 59.05, 59.05, 39.37, 0],
		[43, "CN1_5", 1292.48, -1410, "T", "DIP", "GND", "GND", "C", 59.05, 59.05, 39.37, 0],
		[44, "CN1_5", 1292.48, -1410, "B", "DIP", "GND", "GND", "C", 59.05, 59.05, 39.37, 0],
		[45, "D3_1", 174.3, -695, "T", "SMD", "VOUT", "", "R", 78.74, 70.87, 0, 0],
		[46, "D3_2", 335.7, -695, "T", "SMD", "$1N6997", "", "R", 78.74, 70.87, 0, 0],
		[47, "F1_1", 598.11, -1120, "B", "SMD", "VBUS", "", "R", 46.85, 68.03, 0, 0],
		[48, "F1_2", 711.89, -1120, "B", "SMD", "USB_5V", "", "R", 46.85, 68.03, 0, 0],
		[49, "L1_1", 523.04, -804.74, "T", "SMD", "BAT", "", "R", 44.59, 54.21, 0, 180],
		[50, "L1_2", 446.96, -804.74, "T", "SMD", "$1N6997", "", "R", 44.59, 54.21, 0, 180],
		[51, "LED1_1", 69.8, -985.27, "T", "SMD", "$1N6687", "", "R", 39.37, 49.21, 0, 270],
		[52, "LED1_2", 69.8, -898.65, "T", "SMD", "$1N6762", "", "R", 39.37, 49.21, 0, 270],
		[53, "LED2_1", 70.2, -664.72, "T", "SMD", "$1N6682", "", "R", 39.37, 49.21, 0, 90],
		[54, "LED2_2", 70.2, -751.34, "T", "SMD", "$1N6762", "", "R", 39.37, 49.21, 0, 90],
		[55, "LED3_1", 1110.28, -1235.2, "T", "SMD", "GND", "GND", "R", 39.37, 49.21, 0, 0],
		[56, "LED3_2", 1023.66, -1235.2, "T", "SMD", "$1N12120", "", "R", 39.37, 49.21, 0, 0],
		[57, "LED5_1", 1259.72, -1234.8, "T", "SMD", "GND", "GND", "R", 39.37, 49.21, 0, 180],
		[58, "LED5_2", 1346.34, -1234.8, "T", "SMD", "$1N12086", "", "R", 39.37, 49.21, 0, 180],
		[59, "R1_1", 645, -716.71, "T", "SMD", "3.3V", "", "R", 44.59, 54.21, 0, 90],
		[60, "R1_2", 645, -637.97, "T", "SMD", "RST", "", "R", 44.59, 54.21, 0, 90],
		[61, "R2_1", 746.28, -716.71, "T", "SMD", "3.3V", "", "R", 44.59, 54.21, 0, 90],
		[62, "R2_2", 746.28, -637.97, "T", "SMD", "$1N3843", "", "R", 44.59, 54.21, 0, 90],
		[63, "R3_1", 1237.5, -1050.63, "T", "SMD", "$1N4055", "", "R", 44.59, 54.21, 0, 270],
		[64, "R3_2", 1237.5, -1129.37, "T", "SMD", "GND", "GND", "R", 44.59, 54.21, 0, 270],
		[65, "R6_1", 274.37, -1120, "B", "SMD", "CC2", "", "R", 44.59, 54.21, 0, 180],
		[66, "R6_2", 195.63, -1120, "B", "SMD", "GND", "GND", "R", 44.59, 54.21, 0, 180],
		[67, "R7_1", 395.64, -1120, "B", "SMD", "CC1", "", "R", 44.59, 54.21, 0, 0],
		[68, "R7_2", 474.38, -1120, "B", "SMD", "GND", "GND", "R", 44.59, 54.21, 0, 0],
		[69, "R8_1", 1022.5, -1050.63, "T", "SMD", "SCL", "", "R", 44.59, 54.21, 0, 270],
		[70, "R8_2", 1022.5, -1129.37, "T", "SMD", "3.3V", "", "R", 44.59, 54.21, 0, 270],
		[71, "R9_1", 1130, -1050.63, "T", "SMD", "SDA", "", "R", 44.59, 54.21, 0, 270],
		[72, "R9_2", 1130, -1129.37, "T", "SMD", "3.3V", "", "R", 44.59, 54.21, 0, 270],
		[73, "R10_1", 645, -537.03, "T", "SMD", "3.3V", "", "R", 44.59, 54.21, 0, 90],
		[74, "R10_2", 645, -458.29, "T", "SMD", "SCL", "", "R", 44.59, 54.21, 0, 90],
		[75, "R11_1", 746.28, -537.03, "T", "SMD", "3.3V", "", "R", 44.59, 54.21, 0, 90],
		[76, "R11_2", 746.28, -458.29, "T", "SMD", "SDA", "", "R", 44.59, 54.21, 0, 90],
		[77, "R12_1", 70, -1130.63, "T", "SMD", "GND", "GND", "R", 44.59, 54.21, 0, 270],
		[78, "R12_2", 70, -1209.37, "T", "SMD", "$1N6595", "", "R", 44.59, 54.21, 0, 270],
		[79, "R13_1", 447.21, -1145, "T", "SMD", "$1N6910", "", "R", 44.59, 54.21, 0, 0],
		[80, "R13_2", 525.95, -1145, "T", "SMD", "USB_5V", "", "R", 44.59, 54.21, 0, 0],
		[81, "R14_1", 215.63, -812.44, "T", "SMD", "$1N6762", "", "R", 44.59, 54.21, 0, 0],
		[82, "R14_2", 294.37, -812.44, "T", "SMD", "$1N6910", "", "R", 44.59, 54.21, 0, 0],
		[83, "R15_1", 402.4, -269.58, "T", "SMD", "5V", "", "R", 19.29, 45.55, 0, 180],
		[84, "R15_2", 365, -269.58, "T", "SMD", "GND", "GND", "R", 19.29, 45.55, 0, 180],
		[85, "R15_3", 327.6, -269.58, "T", "SMD", "5V", "", "R", 19.29, 45.55, 0, 180],
		[86, "R15_4", 327.6, -360.42, "T", "SMD", "R15_4", "", "R", 19.29, 46.26, 0, 180],
		[87, "R15_5", 402.4, -360.42, "T", "SMD", "3.3V", "", "R", 19.29, 46.26, 0, 180],
		[88, "R16_1", 645.53, -161.97, "T", "SMD", "ADC", "", "R", 44.59, 54.21, 0, 90],
		[89, "R16_2", 645.53, -83.23, "T", "SMD", "GND", "GND", "R", 44.59, 54.21, 0, 90],
		[90, "R17_1", 450.63, -50.9, "T", "SMD", "BAT", "", "R", 44.59, 54.21, 0, 0],
		[91, "R17_2", 529.37, -50.9, "T", "SMD", "ADC", "", "R", 44.59, 54.21, 0, 0],
		[92, "R19_1", 915, -1129.37, "T", "SMD", "$1N12120", "", "R", 44.59, 54.21, 0, 90],
		[93, "R19_2", 915, -1050.63, "T", "SMD", "LED1", "", "R", 44.59, 54.21, 0, 90],
		[94, "R20_1", 1345, -1129.37, "T", "SMD", "$1N12086", "", "R", 44.59, 54.21, 0, 90],
		[95, "R20_2", 1345, -1050.63, "T", "SMD", "LED2", "", "R", 44.59, 54.21, 0, 90],
		[96, "SW2_1", 641.41, -1389.13, "T", "SMD", "SW2_1", "", "R", 90.55, 59.05, 0, 90],
		[97, "SW2_2", 641.42, -1030.87, "T", "SMD", "RST", "", "R", 90.55, 59.05, 0, 90],
		[98, "SW2_3", 818.58, -1389.13, "T", "SMD", "GND", "GND", "R", 90.55, 59.05, 0, 90],
		[99, "SW2_4", 818.58, -1030.87, "T", "SMD", "GND", "GND", "R", 90.55, 59.05, 0, 90],
		[100, "SW4_1", 142.09, -275.63, "T", "SMD", "SW4_1", "", "R", 27.56, 59.05, 0, 270],
		[101, "SW4_2", 142.09, -315, "T", "SMD", "5V", "", "R", 27.56, 59.05, 0, 270],
		[102, "SW4_3", 142.09, -354.37, "T", "SMD", "VOUT", "", "R", 27.56, 59.05, 0, 270],
		[103, "SW4_4", 114.53, -206.73, "T", "SMD", "SW4_4", "", "R", 39.37, 31.5, 0, 270],
		[104, "SW4_4", 27.91, -206.73, "T", "SMD", "SW4_A_4", "", "R", 39.37, 31.5, 0, 270],
		[105, "SW4_5", 114.53, -423.27, "T", "SMD", "SW4_5", "", "R", 39.37, 31.5, 0, 270],
		[106, "SW4_5", 27.91, -423.27, "T", "SMD", "SW4_A_5", "", "R", 39.37, 31.5, 0, 270],
		[107, "U1_1", 874.96, -359.41, "T", "SMD", "RST", "", "R", 98.42, 43.31, 0, 0],
		[108, "U1_2", 874.99, -438.15, "T", "SMD", "ADC", "", "R", 98.42, 43.31, 0, 0],
		[109, "U1_3", 875.03, -516.89, "T", "SMD", "$1N3843", "", "R", 98.42, 43.31, 0, 0],
		[110, "U1_4", 874.99, -595.63, "T", "SMD", "U1_4", "", "R", 98.42, 43.31, 0, 0],
		[111, "U1_5", 874.98, -674.37, "T", "SMD", "INT1", "", "R", 98.42, 43.31, 0, 0],
		[112, "U1_6", 874.99, -753.11, "T", "SMD", "INT2", "", "R", 98.42, 43.31, 0, 0],
		[113, "U1_7", 874.96, -831.85, "T", "SMD", "LED1", "", "R", 98.42, 43.31, 0, 0],
		[114, "U1_8", 875, -910.59, "T", "SMD", "3.3V", "", "R", 98.42, 43.31, 0, 0],
		[115, "U1_9", 1504.98, -910.59, "T", "SMD", "GND", "GND", "R", 98.42, 43.31, 0, 0],
		[116, "U1_10", 1504.96, -831.85, "T", "SMD", "$1N4055", "", "R", 98.42, 43.31, 0, 0],
		[117, "U1_11", 1505, -753.11, "T", "SMD", "LED2", "", "R", 98.42, 43.31, 0, 0],
		[118, "U1_12", 1504.97, -674.37, "T", "SMD", "U1_12", "", "R", 98.42, 43.31, 0, 0],
		[119, "U1_13", 1505, -595.63, "T", "SMD", "SDA", "", "R", 98.42, 43.31, 0, 0],
		[120, "U1_14", 1505.04, -516.89, "T", "SMD", "SCL", "", "R", 98.42, 43.31, 0, 0],
		[121, "U1_15", 1504.98, -438.15, "T", "SMD", "RX", "", "R", 98.42, 43.31, 0, 0],
		[122, "U1_16", 1504.96, -359.41, "T", "SMD", "TX", "", "R", 98.42, 43.31, 0, 0],
		[123, "U1_17", 1197.88, -544.43, "T", "SMD", "GND", "GND", "R", 125.98, 125.98, 0, 0],
		[124, "U2_1", 816.93, -833.46, "B", "SMD", "GND", "GND", "R", 23.62, 10.63, 0, 270],
		[125, "U2_2", 797.24, -833.46, "B", "SMD", "U2_2", "", "R", 23.62, 10.63, 0, 270],
		[126, "U2_3", 777.56, -833.46, "B", "SMD", "U2_3", "", "R", 23.62, 10.63, 0, 270],
		[127, "U2_4", 757.87, -833.46, "B", "SMD", "INT1", "", "R", 23.62, 10.63, 0, 270],
		[128, "U2_5", 751.18, -807.08, "B", "SMD", "3.3V", "", "R", 10.63, 23.62, 0, 270],
		[129, "U2_6", 751.18, -787.4, "B", "SMD", "GND", "GND", "R", 10.63, 23.62, 0, 270],
		[130, "U2_7", 751.18, -767.71, "B", "SMD", "GND", "GND", "R", 10.63, 23.62, 0, 270],
		[131, "U2_8", 757.87, -741.34, "B", "SMD", "3.3V", "", "R", 23.62, 10.63, 0, 270],
		[132, "U2_9", 777.56, -741.34, "B", "SMD", "INT2", "", "R", 23.62, 10.63, 0, 270],
		[133, "U2_10", 797.24, -741.34, "B", "SMD", "U2_10", "", "R", 23.62, 10.63, 0, 270],
		[134, "U2_11", 816.93, -741.34, "B", "SMD", "U2_11", "", "R", 23.62, 10.63, 0, 270],
		[135, "U2_12", 823.62, -767.71, "B", "SMD", "U2_12", "", "R", 10.63, 23.62, 0, 270],
		[136, "U2_13", 823.62, -787.4, "B", "SMD", "SCL", "", "R", 10.63, 23.62, 0, 270],
		[137, "U2_14", 823.62, -807.08, "B", "SMD", "SDA", "", "R", 10.63, 23.62, 0, 270],
		[138, "U4_1", 763.88, -1350, "B", "SMD", "D+", "", "O", 24.8, 73.42, 0, 90],
		[139, "U4_2", 763.88, -1300, "B", "SMD", "D-", "", "O", 24.8, 73.42, 0, 90],
		[140, "U4_3", 763.88, -1250, "B", "SMD", "GND", "GND", "O", 24.8, 73.42, 0, 90],
		[141, "U4_4", 763.88, -1200, "B", "SMD", "$1N5901", "", "O", 24.8, 73.42, 0, 90],
		[142, "U4_5", 975.1, -1200, "B", "SMD", "USB_5V", "", "O", 24.8, 73.42, 0, 90],
		[143, "U4_6", 975.1, -1250, "B", "SMD", "RX", "", "O", 24.8, 73.42, 0, 90],
		[144, "U4_7", 975.1, -1300, "B", "SMD", "TX", "", "O", 24.8, 73.42, 0, 90],
		[145, "U4_8", 975.1, -1350, "B", "SMD", "$1N5434", "", "O", 24.8, 73.42, 0, 90],
		[146, "U7_1", 180.49, -1155.87, "T", "SMD", "VOUT", "", "R", 23.62, 47.24, 0, 0],
		[147, "U7_2", 230.49, -1155.87, "T", "SMD", "$1N6687", "", "R", 23.62, 47.24, 0, 0],
		[148, "U7_3", 280.49, -1155.87, "T", "SMD", "$1N6595", "", "R", 23.62, 47.24, 0, 0],
		[149, "U7_4", 330.49, -1155.87, "T", "SMD", "$1N6682", "", "R", 23.62, 47.24, 0, 0],
		[150, "U7_5", 330.49, -926.87, "T", "SMD", "$1N6910", "", "R", 23.62, 47.24, 0, 0],
		[151, "U7_6", 280.49, -926.87, "T", "SMD", "BAT", "", "R", 23.62, 47.24, 0, 0],
		[152, "U7_7", 230.49, -926.87, "T", "SMD", "GND", "GND", "R", 23.62, 47.24, 0, 0],
		[153, "U7_8", 180.49, -926.87, "T", "SMD", "$1N6997", "", "R", 23.62, 47.24, 0, 0],
		[154, "U7_9", 255.49, -1041.37, "T", "SMD", "GND", "GND", "R", 129.92, 94.49, 0, 180],
		[155, "USB1_1", 510.08, -1360.51, "T", "DIP", "GND", "GND", "O", 39.37, 78.74, 66.93, 180],
		[156, "USB1_1", 510.08, -1360.51, "B", "DIP", "GND", "GND", "O", 39.37, 78.74, 66.93, 180],
		[157, "USB1_2", 169.92, -1360.51, "T", "DIP", "GND", "GND", "O", 39.37, 78.74, 66.93, 180],
		[158, "USB1_2", 169.92, -1360.51, "B", "DIP", "GND", "GND", "O", 39.37, 78.74, 66.93, 180],
		[159, "USB1_3", 510.08, -1525.08, "T", "DIP", "GND", "GND", "O", 39.37, 70.87, 55.12, 180],
		[160, "USB1_3", 510.08, -1525.08, "B", "DIP", "GND", "GND", "O", 39.37, 70.87, 55.12, 180],
		[161, "USB1_4", 169.92, -1525.08, "T", "DIP", "GND", "GND", "O", 39.37, 70.87, 55.12, 180],
		[162, "USB1_4", 169.92, -1525.08, "B", "DIP", "GND", "GND", "O", 39.37, 70.87, 55.12, 180],
		[163, "USB1_A1", 471.89, -1334.92, "B", "SMD", "GND", "GND", "R", 11.81, 51.18, 0, 180],
		[164, "USB1_A12", 208.11, -1334.92, "B", "SMD", "GND", "GND", "R", 11.81, 51.18, 0, 180],
		[165, "USB1_A4", 440.39, -1334.92, "B", "SMD", "VBUS", "", "R", 11.81, 51.18, 0, 180],
		[166, "USB1_A5", 389.21, -1334.92, "B", "SMD", "CC1", "", "R", 11.81, 51.18, 0, 180],
		[167, "USB1_A6", 349.84, -1334.92, "B", "SMD", "D+", "", "R", 11.81, 51.18, 0, 180],
		[168, "USB1_A7", 330.16, -1334.92, "B", "SMD", "D-", "", "R", 11.81, 51.18, 0, 180],
		[169, "USB1_A8", 290.8, -1334.92, "B", "SMD", "USB1_A8", "", "R", 11.81, 51.18, 0, 180],
		[170, "USB1_A9", 239.61, -1334.92, "B", "SMD", "VBUS", "", "R", 11.81, 51.18, 0, 0],
		[171, "USB1_B1", 219.92, -1334.92, "B", "SMD", "GND", "GND", "R", 11.81, 51.18, 0, 180],
		[172, "USB1_B12", 460.08, -1334.92, "B", "SMD", "GND", "GND", "R", 11.81, 51.18, 0, 180],
		[173, "USB1_B4", 251.42, -1334.92, "B", "SMD", "VBUS", "", "R", 11.81, 51.18, 0, 0],
		[174, "USB1_B5", 271.1, -1334.92, "B", "SMD", "CC2", "", "R", 11.81, 51.18, 0, 180],
		[175, "USB1_B6", 310.47, -1334.92, "B", "SMD", "D+", "", "R", 11.81, 51.18, 0, 180],
		[176, "USB1_B7", 369.53, -1334.92, "B", "SMD", "D-", "", "R", 11.81, 51.18, 0, 180],
		[177, "USB1_B8", 408.9, -1334.92, "B", "SMD", "USB1_B8", "", "R", 11.81, 51.18, 0, 180],
		[178, "USB1_B9", 428.58, -1334.92, "B", "SMD", "VBUS", "", "R", 11.81, 51.18, 0, 180],
		[179, "PAD1_1", 260, -100, "T", "DIP", "GND", "GND", "R", 59.06, 59.06, 39.37, 0],
		[180, "PAD1_1", 260, -100, "B", "DIP", "GND", "GND", "R", 59.06, 59.06, 39.37, 0],
		[181, "PAD2_1", 338.74, -100, "T", "DIP", "BAT", "", "C", 59.06, 59.06, 39.37, 0],
		[182, "PAD2_1", 338.74, -100, "B", "DIP", "BAT", "", "C", 59.06, 59.06, 39.37, 0]
	]
}
}